filename,label
audio_128.wav,3.013504129
audio_156.wav,4.28731062
audio_19.wav,4.5657692
audio_108.wav,2.121959541
audio_206.wav,2.215535414
audio_161.wav,3.166031216
audio_215.wav,2.905976687
audio_213.wav,1.548224917
audio_11.wav,3.387427515
audio_155.wav,3.778473042
audio_39.wav,3.028559545
audio_168.wav,3.521060313
audio_133.wav,2.69097419
audio_28.wav,2.586209222
audio_40.wav,3.285076861
audio_181.wav,2.169274377
audio_201.wav,3.116868138
audio_182.wav,2.933979676
audio_126.wav,2.680510207
audio_10.wav,2.46666811
audio_134.wav,2.108519753
audio_69.wav,4.489577783
audio_112.wav,3.500703412
audio_180.wav,2.333498025
audio_177.wav,2.505734599
audio_77.wav,5
audio_111.wav,3.521764631
audio_18.wav,3.807707524
audio_175.wav,4.777541701
audio_33.wav,3.213699857
audio_15.wav,3.307705525
audio_4.wav,3.980606093
audio_27.wav,2.864229223
audio_96.wav,3.096337919
audio_116.wav,2.501481278
audio_1.wav,2.442706878
audio_22.wav,3.822419051
audio_114.wav,2.147365379
audio_146.wav,3.045832782
audio_46.wav,4.837270191
audio_144.wav,3.780474316
audio_75.wav,5
audio_200.wav,3.305978954
audio_196.wav,2.714777213
audio_190.wav,3.45013022
audio_158.wav,1.807579533
audio_17.wav,2.269547888
audio_105.wav,4.535209635
audio_141.wav,3.899678926
audio_129.wav,4.078741957
audio_6.wav,3.241826892
audio_70.wav,4.904431586
audio_35.wav,3.709485952
audio_203.wav,3.531653165
audio_90.wav,3.735624158
audio_16.wav,3.038797071
audio_138.wav,4.19820992
audio_100.wav,2.857673486
audio_115.wav,2.172301873
audio_118.wav,4.2757642
audio_137.wav,3.807884463
audio_101.wav,3.805615832
audio_193.wav,1.953817662
audio_102.wav,4.099349391
audio_52.wav,3.07327185
audio_172.wav,2.86970726
audio_191.wav,3.073752536
audio_194.wav,2.297465639
audio_67.wav,3.456369667
audio_160.wav,2.799515299
audio_179.wav,1.727904555
audio_55.wav,3.086609731
audio_145.wav,3.702740353
audio_197.wav,2.962020017
audio_139.wav,3.147074268
audio_91.wav,3.807304843
audio_8.wav,1.937537459
audio_136.wav,3.716695874
audio_199.wav,3.209689576
audio_110.wav,4.110696895
audio_208.wav,2.35454281
audio_152.wav,4.405471531
audio_94.wav,3.153308145
audio_174.wav,3.493952454
audio_23.wav,4.183580501
audio_56.wav,2.685332019
audio_97.wav,3.053975753
audio_148.wav,3.510480998
audio_59.wav,3.215220385
audio_5.wav,2.710427442
audio_119.wav,4.261298208
audio_80.wav,2.861823081
audio_58.wav,2.657444423
audio_123.wav,3.245910231
audio_188.wav,2.992380216
audio_121.wav,2.549393062
audio_107.wav,3.134037163
audio_214.wav,2.972649839
audio_73.wav,5
audio_169.wav,3.514372234
audio_7.wav,2.573002981
audio_42.wav,3.004234953
audio_88.wav,4.389021237
audio_64.wav,2.063951613
audio_195.wav,2.249385194
audio_57.wav,2.594395679
audio_13.wav,2.784934447
audio_125.wav,3.898072602
audio_209.wav,3.419222996
audio_211.wav,2.972029713
audio_63.wav,2.613937726
audio_86.wav,4.544659044
audio_78.wav,5
audio_38.wav,3.818339196
audio_186.wav,2.114124039
audio_154.wav,3.709704422
audio_21.wav,2.148976736
audio_120.wav,2.602988213
audio_183.wav,2.659229401
audio_25.wav,3.294923567
audio_122.wav,2.590684171
audio_36.wav,4.05441287
audio_76.wav,5
audio_163.wav,1.948428963
audio_83.wav,5
audio_103.wav,2.622538981
audio_93.wav,4.184628913
audio_26.wav,3.72164772
audio_72.wav,5
audio_210.wav,2.928807349
audio_104.wav,2.313893945
audio_81.wav,3.443481522
audio_166.wav,3.137727555
audio_202.wav,2.544262612
audio_185.wav,2.274164049
audio_9.wav,1.99996754
audio_207.wav,2.221350714
audio_127.wav,3.024125111
audio_12.wav,3.181435917
audio_132.wav,2.798943
audio_109.wav,2.40226224
audio_32.wav,3.012036604
audio_178.wav,3.840772769
audio_61.wav,2.603025472
audio_34.wav,3.856185586
audio_106.wav,1.867141171
audio_49.wav,4.824163431
audio_149.wav,3.313331723
audio_30.wav,4.132349435
audio_131.wav,2.217745794
audio_162.wav,1.882087315
audio_204.wav,3.334035171
audio_198.wav,3.031321375
audio_135.wav,3.498451439
audio_187.wav,2.707347359
audio_3.wav,3.192625134
audio_98.wav,3.57742557
audio_159.wav,3.40157499
audio_167.wav,2.67995092
audio_205.wav,2.6987734
audio_95.wav,2.605935678
audio_68.wav,4.577977684
audio_31.wav,4.408390406
audio_157.wav,2.569178626
audio_89.wav,4.525157797
audio_82.wav,4.824766726
audio_53.wav,2.804383422
audio_37.wav,4.511058575
audio_113.wav,2.169783626
audio_85.wav,4.746863311
audio_173.wav,4.431355312
audio_41.wav,4.752698158
audio_51.wav,2.68332695
audio_143.wav,3.742902943
audio_92.wav,3.788097256
audio_74.wav,5
audio_0.wav,3.57948025
audio_147.wav,3.378341961
audio_130.wav,2.133959454
audio_192.wav,2.523184316
audio_43.wav,4.989695632
audio_65.wav,2.480487622
audio_14.wav,3.887457079
audio_117.wav,3.635051683
audio_212.wav,2.342387286
audio_79.wav,3.567453428
audio_171.wav,3.10380583
audio_60.wav,2.556097058
audio_153.wav,3.35616205
audio_176.wav,2.960662272
audio_2.wav,3.918670004
audio_50.wav,5
audio_29.wav,3.825320343
audio_142.wav,4.161969006
audio_47.wav,3.621590896
audio_84.wav,4.749525497
audio_164.wav,2.224324286
audio_48.wav,5
audio_189.wav,2.354263346
audio_151.wav,3.000930084
audio_66.wav,1.982527851
audio_44.wav,3.242332851
audio_150.wav,3.94648249
audio_87.wav,4.366063705
audio_99.wav,3.280343984
audio_62.wav,2.786611452
audio_20.wav,2.046464574
audio_124.wav,3.264085099
audio_54.wav,3.159929563
audio_45.wav,5
audio_71.wav,5
audio_184.wav,2.984050541
audio_24.wav,2.353811314
audio_140.wav,3.861770498
audio_165.wav,3.062024861
audio_170.wav,2.513492144